{ "dataset": { "00000001_00020000-UL": [ 182 ], "00000001_00020001-OB": [ "AAE=" ], "00000001_00020002-UI": [ "1.2.840.10008.5.1.4.1.1.12.2" ], "00000001_00020003-UI": [ "1.3.6.1.4.1.5962.1.1.0.0.0.1168612284.20369.0.3" ], "00000001_00020010-UI": [ "1.2.840.10008.1.2.4.90" ], "00000001_00020012-UI": [ "1.2.40.0.13.1.3" ], "00000001_00020013-2006SH": [ "dcm4che-5.23.2" ], "00000001_00080005-CS": [ "ISO_IR 100" ], "00000001_00080008-CS": [ "ORIGINAL", "PRIMARY", "SINGLE PLANE"], "00000001_00080012-DA": [ "20070112" ], "00000001_00080013-TM": [ "093126" ], "00000001_00080014-UI": [ "1.3.6.1.4.1.5962.3" ], "00000001_00080016-UI": [ "1.2.840.10008.5.1.4.1.1.12.2" ], "00000001_00080018-UI": [ "1.3.6.1.4.1.5962.1.1.0.0.0.1168612284.20369.0.3" ], "00000001_00080020-DA": [ "20061207" ], "00000001_00080021-DA": [ "20061207" ], "00000001_00080022-DA": [ "20061207" ], "00000001_00080023-DA": [ "20061207" ], "00000001_00080030-TM": [ "091414" ], "00000001_00080031-TM": [ "091414.0157" ], "00000001_00080032-TM": [ "091414.0157" ], "00000001_00080033-TM": [ "091414.0157" ], "00000001_00080050-1100SH": [ "2" ], "00000001_00080060-CS": [ "RF" ], "00000001_00080070-1100LO": [ "SIEMENS" ], "00000001_00080090-1100PN": [], "00000001_00080201-1100SH": [ "-0500" ], "00000001_00081030-1100LO": [ "UPPER GI SERIES (STOMACH)" ], "00000001_00081032-SQ": null, "00000001_00081032.00000001_00000000-IQ": null, "00000001_00081032.00000001_00080100-1100SH": [ "RADUGI" ], "00000001_00081032.00000001_00080102-1100SH": [ "BROKER" ], "00000001_00081032.00000001_00080104-1100LO": [ "UPPER GI SERIES (STOMACH)" ], "00000001_00081032.00000001_FFFEE00D-IZ": null, "00000001_00081032.FFFFFFFF_FFFEE0DD-SZ": null, "00000001_0008103E-1100LO": [ "Barium        3F/s" ], "00000001_00081080-1100LO": [], "00000001_00081090-1100LO": [ "FLUOROSPOT_COMPACT" ], "00000001_00100010-1100PN": [ "Test^FluroWithDisplayShutter" ], "00000001_00100020-1100LO": [ "TEST2351267" ], "00000001_00100030-DA": [], "00000001_00100040-CS": [], "00000001_00120062-CS": [ "YES" ], "00000001_00120063-1100LO": [ "dcanon", "no identifiers", "keep descriptions", "keep manufacturer", "keep retired", "no private", "no uids", "no pet demographics", "keep dates"], "00000001_00180010-1100LO": [], "00000001_00180060-DS": [ 93 ], "00000001_00181020-1100LO": [ "VE20F" ], "00000001_00181110-DS": [ 1150 ], "00000001_00181111-DS": [ 972 ], "00000001_00181114-DS": [ 1.1831 ], "00000001_00181134-CS": [ "STATIC" ], "00000001_00181138-DS": [ 89 ], "00000001_00181147-CS": [ "ROUND" ], "00000001_00181149-IS": [ 300 ], "00000001_00181150-IS": [ 4 ], "00000001_00181151-IS": [ 325 ], "00000001_00181154-DS": [ 4 ], "00000001_00181155-CS": [ "GR" ], "00000001_0018115A-CS": [ "PULSED" ], "00000001_0018115E-DS": [ 0.3 ], "00000001_00181160-1100SH": [ "CU_0.0_MM" ], "00000001_00181162-DS": [ 367 ], "00000001_00181164-DS": [ 0.293, 0.293], "00000001_00181450-DS": [ 0 ], "00000001_00181600-CS": [ "RECTANGULAR", "CIRCULAR"], "00000001_00181602-IS": [ 233 ], "00000001_00181604-IS": [ 789 ], "00000001_00181606-IS": [ 5 ], "00000001_00181608-IS": [ 1018 ], "00000001_00181610-IS": [ 512, 512], "00000001_00181612-IS": [ 517 ], "00000001_0020000D-UI": [ "1.3.6.1.4.1.5962.1.1.0.0.0.1168612284.20369.0.1" ], "00000001_0020000E-UI": [ "1.3.6.1.4.1.5962.1.1.0.0.0.1168612284.20369.0.2" ], "00000001_00200010-1100SH": [ "2" ], "00000001_00200011-IS": [ 1 ], "00000001_00200012-IS": [ 1 ], "00000001_00200013-IS": [ 1 ], "00000001_00200020-CS": [], "00000001_00200060-CS": [], "00000001_00280002-US": [ 1 ], "00000001_00280004-CS": [ "MONOCHROME2" ], "00000001_00280010-US": [ 1024 ], "00000001_00280011-US": [ 1024 ], "00000001_00280030-DS": [ 0.293, 0.293], "00000001_00280100-US": [ 16 ], "00000001_00280101-US": [ 10 ], "00000001_00280102-US": [ 9 ], "00000001_00280103-US": [ 0 ], "00000001_00281040-CS": [ "LIN" ], "00000001_00281050-DS": [ 640 ], "00000001_00281051-DS": [ 588 ], "00000001_00321032-1100PN": [], "00000001_00380300-1100LO": [ "RAD" ], "00000001_00400254-1100LO": [ "UPPER GI SERIES (STOMACH)" ], "00000001_7FE00010-OB": [ { "00000000": "file:/Users/jacquesfauquex/Library/Frameworks/DCKV.framework/Resources/FluroWithDisplayShutterj2k.dcm?offset=1864&amp;length=0" }, { "00000001": "file:/Users/jacquesfauquex/Library/Frameworks/DCKV.framework/Resources/FluroWithDisplayShutterj2k.dcm?offset=1872&amp;length=522440" }] } }