{ "dataset": { "00000001_00020000-UL": [ 188 ], "00000001_00020001-OB": [ "AAE=" ], "00000001_00020002-UI": [ "1.2.840.10008.5.1.4.1.1.7" ], "00000001_00020003-UI": [ "1.3.6.1.4.1.5962.1.1.0.1.1.1175775772.5720.0" ], "00000001_00020010-UI": [ "1.2.840.10008.1.2.1" ], "00000001_00020012-UI": [ "1.3.6.1.4.1.5962.2" ], "00000001_00020013-2006SH": [ "DCTOOL100" ], "00000001_00020016-AE": [ "CLUNIE1" ], "00000001_00080005-CS": [ "ISO_IR 100" ], "00000001_00080012-DA": [ "20070405" ], "00000001_00080013-TM": [ "082252" ], "00000001_00080014-UI": [ "1.3.6.1.4.1.5962.3" ], "00000001_00080016-UI": [ "1.2.840.10008.5.1.4.1.1.7" ], "00000001_00080018-UI": [ "1.3.6.1.4.1.5962.1.1.0.1.1.1175775772.5720.0" ], "00000001_00080020-DA": [], "00000001_00080030-TM": [], "00000001_00080050-1100SH": [], "00000001_00080060-CS": [ "OT" ], "00000001_00080064-CS": [ "WSD" ], "00000001_00080070-1100LO": [], "00000001_00080090-1100PN": [ "^^^^" ], "00000001_00080201-1100SH": [ "-0400" ], "00000001_00100010-1100PN": [ "Buc^Jérôme" ], "00000001_00100020-1100LO": [ "SCSFREN" ], "00000001_00100030-DA": [], "00000001_00100040-CS": [], "00000001_0020000D-UI": [ "1.3.6.1.4.1.5962.1.2.0.1175775772.5720.0" ], "00000001_0020000E-UI": [ "1.3.6.1.4.1.5962.1.3.0.1.1175775772.5720.0" ], "00000001_00200010-1100SH": [ "SCSFREN" ], "00000001_00200011-IS": [ 1 ], "00000001_00200013-IS": [ 1 ], "00000001_00200020-CS": [], "00000001_00280002-US": [ 1 ], "00000001_00280004-CS": [ "MONOCHROME2" ], "00000001_00280010-US": [ 512 ], "00000001_00280011-US": [ 512 ], "00000001_00280100-US": [ 8 ], "00000001_00280101-US": [ 8 ], "00000001_00280102-US": [ 7 ], "00000001_00280103-US": [ 0 ], "00000001_7FE00010-OB": [ { "BulkData":[ "file:/GITHUB/pipedicom/3.Ejecutables/converters/Formats/D/SCSFREN.dcm?offset=866&amp;length=262144" ] } ] } }
